course_title,course_difficulty,course_category
(ISC)² Systems Security Certified Practitioner (SSCP),Beginner,General Technology
A Crash Course in Causality:  Inferring Causal Effects from Observational Data,Intermediate,Data Science
A Crash Course in Data Science,Mixed,Data Science
A Law Student's Toolkit,Mixed,General Technology
A Life of Happiness and Fulfillment,Mixed,General Technology
ADHD: Everyday Strategies for Elementary Students,Beginner,General Technology
AI For Everyone,Beginner,Data Science
AI For Medical Treatment,Intermediate,Data Science
AI Foundations for Everyone,Beginner,Data Science
AI for Medical Diagnosis,Intermediate,Data Science
AI for Medical Prognosis,Intermediate,Data Science
AI for Medicine,Intermediate,Data Science
AWS Fundamentals,Beginner,General Technology
AWS Fundamentals: Addressing Security Risk,Beginner,General Technology
AWS Fundamentals: Building Serverless Applications,Beginner,General Technology
AWS Fundamentals: Going Cloud-Native,Beginner,General Technology
AWS Fundamentals: Migrating to the Cloud,Intermediate,General Technology
Aboriginal Worldviews and Education,Mixed,General Technology
Academic English: Writing,Beginner,General Technology
Accelerated Computer Science Fundamentals,Intermediate,General Technology
Access Controls,Beginner,General Technology
Accounting Analytics,Mixed,Data Science
Accounting for Decision Making,Intermediate,General Technology
Achieving Personal and Professional Success,Beginner,General Technology
Actualización en el manejo del paciente con diabetes mellitus tipo 2,Mixed,General Technology
Addiction Treatment: Clinical Skills for Healthcare Providers,Beginner,General Technology
Advanced Business Analytics,Intermediate,Data Science
Advanced Data Science with IBM,Advanced,Data Science
Advanced Machine Learning,Advanced,Data Science
Advanced Machine Learning with TensorFlow on Google Cloud Platform,Advanced,Data Science
"Advanced Valuation and Strategy - M&A, Private Equity, and Venture Capital",Advanced,General Technology
Advertising and Society,Mixed,General Technology
Age of Cathedrals,Beginner,General Technology
Agile Development,Beginner,General Technology
Agile Meets Design Thinking,Beginner,General Technology
Agile with Atlassian Jira,Beginner,General Technology
Agile и Scrum в работе над проектами и продуктами,Beginner,General Technology
Algorithmic Toolbox,Intermediate,General Technology
Algorithms,Intermediate,General Technology
Algorithms for Battery Management Systems,Intermediate,General Technology
American Contract Law I,Beginner,General Technology
An Introduction to American Law,Beginner,General Technology
An Introduction to Consumer Neuroscience & Neuromarketing,Beginner,General Technology
An Introduction to Programming the Internet of Things (IOT),Beginner,General Technology
Analysing: Numeric and digital literacies,Beginner,General Technology
Anatomy,Beginner,General Technology
"Anatomy of the Chest, Abdomen, and Pelvis",Intermediate,General Technology
Anatomy: Musculoskeletal and Integumentary Systems,Beginner,General Technology
Ancient Philosophy: Aristotle and His Successors,Mixed,General Technology
Android App Development,Beginner,General Technology
Animal Behaviour and Welfare,Mixed,General Technology
Antibiotic Stewardship,Advanced,General Technology
Anticorrupción: Introducción a conceptos y perspectiva práctica,Beginner,General Technology
Antimicrobial resistance - theory and methods,Intermediate,General Technology
Applied Data Science,Beginner,Data Science
Applied Data Science Capstone,Intermediate,Data Science
Applied Data Science with Python,Intermediate,Data Science
Applied Machine Learning in Python,Intermediate,Data Science
"Applied Plotting, Charting & Data Representation in Python",Intermediate,Data Science
Aprende a programar con Python,Beginner,Data Science
Aprender,Mixed,General Technology
Aprendiendo a aprender: Poderosas herramientas mentales con las que podrás dominar temas difíciles (Learning How to Learn),Beginner,General Technology
Architecting with Google Cloud Platform 日本語版,Intermediate,General Technology
Architecting with Google Compute Engine,Intermediate,General Technology
Architecting with Google Kubernetes Engine 日本語版,Beginner,General Technology
Arizona State University TESOL,Beginner,General Technology
Art & Activity: Interactive Strategies for Engaging with Art,Mixed,General Technology
Art & Ideas: Teaching with Themes,Mixed,General Technology
Arts and Culture Strategy,Mixed,General Technology
Arts and Heritage Management,Mixed,General Technology
Aspectos básicos de la planificación y la gestión de proyectos,Beginner,General Technology
Astrobiology and the Search for Extraterrestrial Life,Mixed,General Technology
Atención Primaria en Salud: El desafío de las Enfermedades no Transmisibles,Intermediate,General Technology
Autism Spectrum Disorder,Mixed,General Technology
Autodesk CAD/CAM for Manufacturing,Intermediate,General Technology
Autodesk CAD/CAM/CAE for Mechanical Engineering,Intermediate,General Technology
Autodesk Certified Professional: AutoCAD for Design and Drafting Exam Prep,Advanced,General Technology
Autodesk Certified Professional: Revit for Architectural Design Exam Prep,Advanced,General Technology
BIM Fundamentals for Engineers,Beginner,General Technology
Basic Statistics,Beginner,General Technology
Bayesian Statistics: From Concept to Data Analysis,Intermediate,Data Science
Bayesian Statistics: Techniques and Models,Intermediate,General Technology
Become a CBRS Certified Professional Installer by Google,Mixed,General Technology
Become a Journalist: Report the News!,Beginner,General Technology
Become a Sustainable Business Change Agent,Intermediate,General Technology
Becoming a Sports Agent,Beginner,General Technology
Becoming a changemaker: Introduction to Social Innovation,Beginner,General Technology
Behavioral Finance,Mixed,General Technology
Beyond the Sustainable Development Goals (SDGs): Addressing Sustainability and Development,Mixed,General Technology
Big Data – Introducción al uso práctico de datos masivos,Beginner,Data Science
Biohacking Your Brain's Health,Beginner,General Technology
Biology Meets Programming: Bioinformatics for Beginners,Beginner,General Technology
Biostatistics in Public Health,Beginner,General Technology
Blended Language Learning: Design and Practice for Teachers,Intermediate,General Technology
Blockchain,Intermediate,General Technology
Blockchain Revolution,Beginner,General Technology
Blockchain Revolution in Financial Services,Beginner,General Technology
Blockchain: Foundations and Use Cases,Beginner,General Technology
Boosting Creativity for Innovation,Beginner,General Technology
"Brand Management: Aligning Business, Brand and Behaviour",Beginner,General Technology
Branding: The Creative Journey,Beginner,General Technology
Budgeting and Scheduling Projects,Mixed,General Technology
Bugs 101: Insect-Human Interactions,Beginner,General Technology
Build a Modern Computer from First Principles: From Nand to Tetris (Project-Centered Course),Mixed,General Technology
Building Batch Data Pipelines on GCP,Intermediate,Data Science
Building Conversational Experiences with Dialogflow,Beginner,General Technology
Building Resilient Streaming Analytics Systems on GCP,Intermediate,Data Science
Building Scalable Java Microservices with Spring Boot and Spring Cloud,Intermediate,General Technology
Building Your Leadership Skills,Mixed,General Technology
Business Analytics,Beginner,Data Science
Business English,Intermediate,General Technology
Business English Communication Skills,Intermediate,General Technology
Business English: Networking,Intermediate,General Technology
Business Foundations,Beginner,General Technology
Business Model Innovation,Mixed,General Technology
Business Statistics and Analysis,Beginner,General Technology
Business Strategies for A Better World,Beginner,General Technology
Business Strategy,Beginner,General Technology
Business Technology Management,Beginner,General Technology
Business Transformation with Google Cloud,Beginner,General Technology
Business Writing,Beginner,General Technology
Business and Financial Modeling,Beginner,General Technology
C for Everyone: Programming Fundamentals,Beginner,General Technology
C# Programming for Unity Game Development,Beginner,General Technology
COVID-19 Contact Tracing,Beginner,General Technology
COVID-19: What You Need to Know (CME Eligible),Beginner,General Technology
"Cameras, Exposure, and Photography",Mixed,General Technology
Camino a la Excelencia en Gestión de Proyectos,Beginner,General Technology
"Capstone: Retrieving, Processing, and Visualizing Data with Python",Mixed,Data Science
Career Success,Beginner,General Technology
Challenging Forensic Science: How Science Should Speak to Court,Beginner,General Technology
Chemicals and Health,Beginner,General Technology
Chicken Behaviour and Welfare,Mixed,General Technology
Child Nutrition and Cooking,Beginner,General Technology
Chinese for HSK 1,Beginner,General Technology
Cisco Networking Basics,Beginner,General Technology
Classical Sociological Theory,Mixed,General Technology
Claves de la Dirección de Empresas,Beginner,General Technology
Climate Change and Health: From Science to Action,Beginner,General Technology
Clinical Terminology for International and U.S. Students,Beginner,General Technology
Cloud Computing,Intermediate,General Technology
Cloud Computing Basics (Cloud 101),Beginner,General Technology
Cloud Engineering with Google Cloud,Intermediate,General Technology
Coaching Skills for Managers,Intermediate,General Technology
Code Yourself! An Introduction to Programming,Beginner,General Technology
Communication Skills for Engineers,Beginner,General Technology
Communication Strategies for a Virtual Age,Beginner,General Technology
Compassionate Leadership Through Service Learning with Jane Goodall and Roots & Shoots,Beginner,General Technology
"Competencias digitales. Herramientas de ofimática (Microsoft Word, Excel, Power Point)",Beginner,General Technology
Competitive Strategy and Organization Design,Intermediate,General Technology
Computational Social Science,Beginner,General Technology
Computational Thinking for Problem Solving,Beginner,General Technology
Computer Security and Systems Management,Beginner,General Technology
Conflict Management,Beginner,General Technology
Construction Cost Estimating and Cost Control,Beginner,General Technology
Construction Management,Beginner,General Technology
Construction Project Management,Beginner,General Technology
Construction Scheduling,Beginner,General Technology
Contabilidad para no contadores,Beginner,General Technology
Content Strategy for Professionals,Beginner,General Technology
Continuous Delivery & DevOps,Beginner,General Technology
Control of Mobile Robots,Mixed,General Technology
Convolutional Neural Networks,Intermediate,General Technology
Convolutional Neural Networks in TensorFlow,Intermediate,General Technology
Corporate & Commercial Law I: Contracts & Employment Law,Intermediate,General Technology
Corporate Finance Essentials,Mixed,General Technology
Corporate Strategy,Beginner,General Technology
Corporate Sustainability. Understanding and Seizing the Strategic Opportunity,Mixed,General Technology
"Corrección, estilo y  variaciones de la lengua española",Beginner,General Technology
Cost and Economics in Pricing Strategy,Beginner,General Technology
Costos para los Negocios,Intermediate,General Technology
Crash Course on Python,Beginner,Data Science
Creative Problem Solving,Mixed,General Technology
Creative Writing,Beginner,General Technology
Creative Writing: The Craft of Plot,Mixed,General Technology
"Creatividad, diseño e innovación: Técnicas y herramientas",Beginner,General Technology
Cuidado de heridas en el ámbito hospitalario,Intermediate,General Technology
Cuidados y procedimientos generales en la atención del recién nacido,Intermediate,General Technology
Culture-Driven Team Building,Beginner,General Technology
Curanderismo: Traditional Healing Using Plants,Beginner,General Technology
Customer Segmentation and Prospecting,Beginner,General Technology
Cybersecurity,Intermediate,General Technology
Cybersecurity and Its Ten Domains,Beginner,General Technology
Cybersecurity for Business,Beginner,General Technology
Cómo hablar bien en público,Beginner,General Technology
Dairy Production and Management,Mixed,General Technology
Data Analysis and Interpretation,Beginner,Data Science
Data Analysis and Presentation Skills: the PwC Approach,Beginner,Data Science
Data Analysis with Python,Beginner,Data Science
Data Analytics for Lean Six Sigma,Beginner,Data Science
Data Collection and Processing with Python,Intermediate,Data Science
Data Engineering on Google Cloud Platform 日本語版,Intermediate,Data Science
Data Engineering with Google Cloud,Intermediate,Data Science
"Data Engineering, Big Data, and Machine Learning on GCP",Intermediate,Data Science
Data Management for Clinical Research,Beginner,Data Science
Data Mining,Intermediate,Data Science
Data Science,Beginner,Data Science
Data Science Math Skills,Beginner,Data Science
Data Science Methodology,Beginner,Data Science
Data Science: Foundations using R,Beginner,Data Science
Data Science: Statistics and Machine Learning,Intermediate,Data Science
Data Visualization and Communication with Tableau,Mixed,Data Science
Data Visualization with Advanced Excel,Beginner,Data Science
Data Visualization with Python,Intermediate,Data Science
Data Visualization with Tableau,Beginner,Data Science
Data Warehousing for Business Intelligence,Advanced,Data Science
Data and Health Indicators in Public Health Practice,Beginner,Data Science
Data-driven Decision Making,Beginner,Data Science
Databases and SQL for Data Science,Beginner,Data Science
De-Mystifying Mindfulness,Beginner,General Technology
Decision-Making and Scenarios,Mixed,General Technology
Deep Learning,Intermediate,General Technology
Democracia y decisiones públicas. Introducción al análisis de políticas públicas,Beginner,General Technology
Dentistry 101,Beginner,General Technology
Dermatology: Trip to skin,Beginner,General Technology
Design Thinking for Innovation,Beginner,General Technology
Design Thinking for the Greater Good: Innovation in the Social Sector,Beginner,General Technology
Design and Interpretation of Clinical Trials,Mixed,General Technology
Design and Make Infographics (Project-Centered Course),Mixed,General Technology
Design-Led Strategy: Design thinking for business strategy and entrepreneurship,Intermediate,General Technology
Developing APIs with Google Cloud's Apigee API Platform,Intermediate,General Technology
Developing Applications with Google Cloud Platform,Intermediate,General Technology
Developing Applications with Google Cloud Platform 日本語版,Intermediate,General Technology
Developing Industrial Internet of Things,Intermediate,General Technology
Developing Your Musicianship,Mixed,General Technology
Developing Your Musicianship,Beginner,General Technology
Devenir entrepreneur du changement,Mixed,General Technology
Digital Advertising Strategy,Beginner,General Technology
Digital Business Models,Beginner,General Technology
Digital Manufacturing & Design Technology,Beginner,General Technology
Digital Marketing,Beginner,General Technology
Digital Media and Marketing Strategies,Mixed,General Technology
Digital Product Management,Beginner,General Technology
Digital Product Management: Modern Fundamentals,Beginner,General Technology
Dino 101: Dinosaur Paleobiology,Beginner,General Technology
Discrete Optimization,Intermediate,General Technology
Diseño Instruccional: Aprendizaje activo y Pedagogía digital,Beginner,General Technology
Diseño y Creación de un Emprendimiento Social,Beginner,General Technology
"Divide and Conquer, Sorting and Searching, and Randomized Algorithms",Intermediate,General Technology
Dog Emotion and Cognition,Mixed,General Technology
Driving business towards the Sustainable Development Goals,Beginner,General Technology
Drug Commercialization,Beginner,General Technology
Drug Discovery,Beginner,General Technology
Dynamic Public Speaking,Beginner,General Technology
EMT Foundations,Beginner,General Technology
Ecology: Ecosystem Dynamics and Conservation,Intermediate,General Technology
Econometrics: Methods and Applications,Mixed,General Technology
Economics of Money and Banking,Mixed,General Technology
Ecosystem Services: a Method for Sustainable Development,Intermediate,General Technology
Effective Compliance Programs,Mixed,General Technology
Egiptología (Egyptology),Beginner,General Technology
El Abogado del Futuro: Legaltech y la Transformación Digital del Derecho,Beginner,General Technology
Elastic Google Cloud Infrastructure: Scaling and Automation,Intermediate,General Technology
Electric Industry Operations and Markets,Beginner,General Technology
Electronic Music Production,Intermediate,General Technology
Emerging Technologies: From Smartphones to IoT to Big Data,Beginner,Data Science
"Energy Production, Distribution & Safety",Beginner,General Technology
Engineering Health: Introduction to Yoga and Physiology,Beginner,General Technology
Engineering Project Management: Initiating and Planning,Beginner,General Technology
English Composition I,Beginner,General Technology
English for Business and Entrepreneurship,Beginner,General Technology
English for Career Development,Mixed,General Technology
English for Journalism,Mixed,General Technology
English for Research Publication Purposes,Intermediate,General Technology
"English for Science, Technology, Engineering, and Mathematics",Beginner,General Technology
Enterprise Architecture,Beginner,General Technology
Entrepreneurial Finance: Strategy and Innovation,Intermediate,General Technology
Entrepreneurship,Beginner,General Technology
Entrepreneurship 1: Developing the Opportunity,Mixed,General Technology
Entrepreneurship 2: Launching your Start-Up,Mixed,General Technology
Entrepreneurship 3: Growth Strategies,Beginner,General Technology
Entrepreneurship Strategy: From Ideation to Exit,Beginner,General Technology
Entrepreneurship: Launching an Innovative Business,Beginner,General Technology
Epidemics - the Dynamics of Infectious Diseases,Mixed,General Technology
"Epidemics, Pandemics and Outbreaks",Mixed,General Technology
Epidemiology for Public Health,Beginner,General Technology
Epidemiology in Public Health Practice,Beginner,General Technology
Epidemiology: The Basic Science of Public Health,Mixed,General Technology
Epigenetic Control of Gene Expression,Mixed,General Technology
Equine Welfare and Management,Beginner,General Technology
Esports,Beginner,General Technology
Essential Epidemiologic Tools for Public Health Practice,Beginner,General Technology
Essential Google Cloud Infrastructure: Core Services,Intermediate,General Technology
Essential Google Cloud Infrastructure: Foundation,Intermediate,General Technology
Essentials in Clinical Simulations Across the Health Professions,Intermediate,General Technology
Essentials of Corporate Finance,Intermediate,General Technology
Essentials of Global Health,Mixed,General Technology
Estadística y probabilidad,Beginner,General Technology
Evaluación educativa,Beginner,General Technology
"Everyday Excel, Part 1",Beginner,General Technology
Everyday Parenting: The ABCs of Child Rearing,Beginner,General Technology
Excel Skills for Business,Beginner,General Technology
Excel Skills for Business: Advanced,Intermediate,General Technology
Excel Skills for Business: Essentials,Beginner,General Technology
Excel Skills for Business: Intermediate I,Intermediate,General Technology
Excel Skills for Business: Intermediate II,Intermediate,General Technology
Excel to MySQL: Analytic Techniques for Business,Beginner,General Technology
Excel/VBA for Creative Problem Solving,Beginner,General Technology
"Excel/VBA for Creative Problem Solving, Part 1",Beginner,General Technology
Executive Data Science,Beginner,Data Science
Explorando la Energía Sustentable,Beginner,General Technology
Fashion as Design,Beginner,General Technology
Feminism and Social Justice,Beginner,General Technology
FinTech Law and Policy,Beginner,General Technology
FinTech: Finance Industry Transformation and Regulation,Beginner,General Technology
"FinTech: Foundations, Payments, and Regulations",Beginner,General Technology
Finance & Quantitative Modeling for Analysts,Beginner,General Technology
Finance for Non-Finance Professionals,Beginner,General Technology
Finance for Non-Financial Managers,Intermediate,General Technology
Financial Accounting Fundamentals,Beginner,General Technology
Financial Acumen for Non-Financial Managers,Beginner,General Technology
Financial Engineering and Risk Management Part I,Mixed,General Technology
Financial Management,Intermediate,General Technology
Financial Markets,Beginner,General Technology
Financial Markets and Investment Strategy,Beginner,General Technology
Financial Reporting,Intermediate,General Technology
Financial Technology (Fintech) Innovations,Beginner,General Technology
Financing and Investing in Infrastructure,Mixed,General Technology
Finanzas corporativas,Intermediate,General Technology
Finanzas personales,Mixed,General Technology
Finding Purpose and Meaning In Life: Living for What Matters Most,Beginner,General Technology
Fintech: Foundations & Applications of Financial Technology,Beginner,General Technology
First Step Korean,Beginner,General Technology
Food & Beverage Management,Mixed,General Technology
Forensic Accounting and Fraud Examination,Mixed,General Technology
Formulación y evaluación de proyectos complejos,Intermediate,General Technology
Foundational Finance for Strategic Decision Making,Beginner,General Technology
Foundations of Business Strategy,Beginner,General Technology
Foundations of Everyday Leadership,Mixed,General Technology
Foundations of Global Health,Beginner,General Technology
Foundations of Management,Beginner,General Technology
Foundations of Marketing Analytics,Intermediate,Data Science
Foundations of Positive Psychology,Beginner,General Technology
Foundations of Public Health Practice,Beginner,General Technology
From Data to Insights with Google Cloud Platform,Beginner,Data Science
From the Big Bang to Dark Energy,Beginner,General Technology
Front-End Web Development with React,Intermediate,Web Development
Front-End Web UI Frameworks and Tools: Bootstrap 4,Intermediate,Web Development
Full Stack Web and Multiplatform Mobile App Development,Intermediate,Web Development
Full-Stack Web Development with React,Intermediate,Web Development
Functional Programming Principles in Scala,Intermediate,General Technology
Functional Programming in Scala,Intermediate,General Technology
Fundamental Neuroscience for Neuroimaging,Beginner,General Technology
Fundamentals of Accounting,Beginner,General Technology
Fundamentals of Computing,Beginner,General Technology
Fundamentals of Engineering Exam Review,Mixed,General Technology
Fundamentals of GIS,Beginner,General Technology
Fundamentals of Graphic Design,Beginner,General Technology
Fundamentals of Immunology,Intermediate,General Technology
Fundamentals of Immunology: Innate Immunity and B-Cell Function,Intermediate,General Technology
Fundamentals of Music Theory,Beginner,General Technology
Fundamentals of Project Planning and Management,Beginner,General Technology
Fundamentals of Quantitative Modeling,Mixed,General Technology
Fundamentals of Reinforcement Learning,Intermediate,General Technology
Fundamentals of Visualization with Tableau,Beginner,General Technology
Fundamentos Empresariales,Beginner,General Technology
Fundamentos Estratégicos Empresariales,Beginner,General Technology
Fundamentos de Excel para Negocios,Beginner,General Technology
Fundamentos de Finanzas Empresariales,Beginner,General Technology
Fundamentos de la escritura,Beginner,General Technology
Fundraising and Development,Beginner,General Technology
Futures Thinking,Beginner,General Technology
G Suite Administration,Beginner,General Technology
"GIS, Mapping, and Spatial Analysis",Beginner,General Technology
Game Design and Development,Intermediate,General Technology
Game Theory,Beginner,General Technology
Gamification,Mixed,General Technology
Gender and Sexuality: Diversity and Inclusion in the Workplace,Beginner,General Technology
Genomic Data Science,Intermediate,Data Science
Geographic Information Systems  (GIS),Beginner,General Technology
Geopolitics of Europe,Mixed,General Technology
Geopolítica y gobernanza global: riesgos y oportunidades,Mixed,General Technology
Gestión de organizaciones efectivas,Mixed,General Technology
Get Interactive: Practical Teaching with Technology,Beginner,General Technology
Getting Started With Music Theory,Beginner,General Technology
Getting Started with AWS Machine Learning,Intermediate,Data Science
Getting Started with Go,Intermediate,General Technology
Getting Started with Google Kubernetes Engine,Intermediate,General Technology
Getting Started with Google Sheets,Beginner,General Technology
Getting Started with SAS Programming,Beginner,General Technology
Global Diplomacy – Diplomacy in the Modern World,Mixed,General Technology
Global Diplomacy: the United Nations in the World,Beginner,General Technology
Global Energy and Climate Policy,Beginner,General Technology
Global Environmental Management,Intermediate,General Technology
Global Financial Markets and Instruments,Mixed,General Technology
Global Financing Solutions  (by EDHEC and Société Générale),Intermediate,General Technology
Global Trends for Business and Society,Mixed,General Technology
"Globalization, Economic Growth and Stability",Intermediate,General Technology
Good with Words: Writing and Editing,Beginner,General Technology
Google Cloud Platform Big Data and Machine Learning Fundamentals,Intermediate,Data Science
Google Cloud Platform Fundamentals for AWS Professionals,Intermediate,General Technology
Google IT Automation with Python,Beginner,Data Science
Google IT Support,Beginner,General Technology
Grammar and Punctuation,Mixed,General Technology
Graphic Design Elements for Non-Designers,Beginner,General Technology
Greek and Roman Mythology,Mixed,General Technology
Greening the Economy: Sustainable Cities,Beginner,General Technology
Guitar for Beginners,Mixed,General Technology
Gut Check: Exploring Your Microbiome,Mixed,General Technology
"HTML, CSS, and Javascript for Web Developers",Mixed,Web Development
Habilidades Gerenciales,Beginner,General Technology
Hacia una práctica constructivista en el aula,Mixed,General Technology
Hardware Description Languages for FPGA Design,Intermediate,General Technology
Healing with the Arts,Mixed,General Technology
Health Informatics,Beginner,General Technology
Health Information Literacy for Data Analytics,Intermediate,Data Science
Healthcare Law,Intermediate,General Technology
Healthcare Marketplace,Beginner,General Technology
Healthcare Organization Operations,Beginner,General Technology
"High Performance Collaboration: Leadership, Teamwork, and Negotiation",Mixed,General Technology
Homeland Security and Cybersecurity,Beginner,General Technology
"Hotel Management: Distribution, Revenue and Demand Management",Beginner,General Technology
How Things Work: An Introduction to Physics,Intermediate,General Technology
How To Create a Website in a Weekend! (Project-Centered Course),Mixed,General Technology
How to Start Your Own Business,Beginner,General Technology
Human Resource Management: HR for People Managers,Beginner,General Technology
IBM AI Engineering,Intermediate,Data Science
IBM AI Enterprise Workflow,Advanced,Data Science
IBM Applied AI,Beginner,Data Science
IBM Customer Engagement Specialist Professional Certificate,Beginner,General Technology
IBM Data Science,Beginner,Data Science
IT Fundamentals for Cybersecurity,Beginner,General Technology
IT Security: Defense against the digital dark arts,Beginner,General Technology
"Identifying, Monitoring, and Analyzing Risk and Incident Response and Recovery",Beginner,General Technology
Implementación del Marketing Mix,Beginner,General Technology
Implementing RPA with Cognitive Automation and Analytics,Beginner,Data Science
Improve Your English Communication Skills,Beginner,General Technology
"Improving Deep Neural Networks: Hyperparameter tuning, Regularization and Optimization",Beginner,General Technology
Improving Leadership & Governance in Nonprofit Organizations,Beginner,General Technology
In the Studio: Postwar Abstract Painting,Beginner,General Technology
Indigenous Canada,Mixed,General Technology
Industrial IoT on Google Cloud Platform,Beginner,General Technology
Infectious Disease Modelling,Intermediate,General Technology
Influencer Marketing Strategy,Intermediate,General Technology
"Influencing: Storytelling, Change Management and Governance",Beginner,General Technology
Information Security: Context and Introduction,Beginner,General Technology
Information Visualization,Beginner,General Technology
Information​ ​Systems,Beginner,General Technology
Initiating and Planning Projects,Mixed,General Technology
Innovation Management,Beginner,General Technology
"Innovation Through Design: Think, Make, Break, Repeat",Beginner,General Technology
Innovation: From Creativity to Entrepreneurship,Beginner,General Technology
Inspirational Leadership: Leading with Sense,Beginner,General Technology
Inspired Leadership,Intermediate,General Technology
Inspiring and Motivating Individuals,Mixed,General Technology
Instructional Design Foundations and Applications,Mixed,General Technology
Instructional Methods in Health Professions Education,Intermediate,General Technology
Integrative Health and Medicine,Beginner,General Technology
Intellectual Property Law,Intermediate,General Technology
Interaction Design,Intermediate,General Technology
Intercultural Management,Beginner,General Technology
International Business Essentials,Intermediate,General Technology
International Cyber Conflicts,Mixed,General Technology
International Humanitarian Law in Theory and Practice,Beginner,General Technology
International Law in Action: A Guide to the International Courts and Tribunals in The Hague,Mixed,General Technology
International Law in Action: the Arbitration of International Disputes,Mixed,General Technology
International Leadership and Organizational Behavior,Mixed,General Technology
International Marketing & Cross Industry Growth,Beginner,General Technology
International Organizations Management,Beginner,General Technology
International Security Management,Beginner,General Technology
International Women's Health and Human Rights,Beginner,General Technology
International migrations: a global issue,Beginner,General Technology
Internet Connection: How to Get Online?,Beginner,General Technology
Internet Giants: The Law and Economics of Media Platforms,Mixed,General Technology
Interviewing and Resume Writing in English,Intermediate,General Technology
Introducción a Data Science: Programación Estadística con R,Beginner,Data Science
Introducción a la programación en Python I: Aprendiendo a programar con Python,Beginner,Data Science
Introduction aux Droits de l’Homme,Mixed,General Technology
Introduction to Ableton Live,Mixed,General Technology
Introduction to Artificial Intelligence (AI),Beginner,Data Science
Introduction to Big Data,Mixed,Data Science
Introduction to Blockchain Technologies,Beginner,General Technology
Introduction to Breast Cancer,Mixed,General Technology
Introduction to Business Analytics: Communicating with Data,Intermediate,Data Science
Introduction to CSS3,Mixed,General Technology
Introduction to Calculus,Intermediate,General Technology
Introduction to Chemistry:  Reactions and Ratios,Beginner,General Technology
Introduction to Classical Music,Mixed,General Technology
Introduction to Cloud Computing,Beginner,General Technology
Introduction to Computer Programming,Beginner,General Technology
Introduction to Computer Science and Programming,Beginner,General Technology
Introduction to Corporate Finance,Mixed,General Technology
Introduction to Cyber Attacks,Beginner,General Technology
Introduction to Cyber Security,Beginner,General Technology
Introduction to Cybersecurity Tools & Cyber Attacks,Beginner,General Technology
Introduction to Data Analysis Using Excel,Mixed,Data Science
Introduction to Data Science,Beginner,Data Science
Introduction to Data Science in Python,Intermediate,Data Science
Introduction to Dental Medicine,Beginner,General Technology
Introduction to Discrete Mathematics for Computer Science,Beginner,General Technology
Introduction to Electronics,Mixed,General Technology
Introduction to Embedded Systems Software and Development Environments,Intermediate,General Technology
Introduction to Engineering Mechanics,Mixed,General Technology
Introduction to Environmental Law and Policy,Mixed,General Technology
Introduction to Financial Accounting,Mixed,General Technology
Introduction to Forensic Science,Mixed,General Technology
Introduction to Game Development,Mixed,General Technology
Introduction to Genetics and Evolution,Mixed,General Technology
Introduction to Genomic Technologies,Mixed,General Technology
Introduction to HTML5,Mixed,General Technology
Introduction to Imagemaking,Beginner,General Technology
Introduction to Intellectual Property,Beginner,General Technology
Introduction to International Criminal Law,Mixed,General Technology
Introduction to Marketing,Mixed,General Technology
Introduction to Mathematical Thinking,Intermediate,General Technology
Introduction to Operations Management,Mixed,General Technology
Introduction to Personal Branding,Beginner,General Technology
Introduction to Philosophy,Mixed,General Technology
Introduction to Portfolio Construction and Analysis with Python,Mixed,Data Science
Introduction to Probability and Data,Beginner,Data Science
Introduction to Programming in C,Beginner,General Technology
Introduction to Programming with MATLAB,Beginner,General Technology
Introduction to Psychology,Beginner,General Technology
Introduction to Scripting in Python,Beginner,Data Science
Introduction to Self-Driving Cars,Advanced,General Technology
Introduction to Spreadsheets and Models,Mixed,General Technology
Introduction to Statistics & Data Analysis in Public Health,Beginner,Data Science
Introduction to Sustainability,Mixed,General Technology
Introduction to Systematic Review and Meta-Analysis,Mixed,General Technology
Introduction to Systems Engineering,Mixed,General Technology
"Introduction to TensorFlow for Artificial Intelligence, Machine Learning, and Deep Learning",Intermediate,Data Science
Introduction to Thermodynamics: Transferring Energy from Here to There,Beginner,General Technology
"Introduction to Trading, Machine Learning & GCP",Intermediate,Data Science
Introduction to Typography,Beginner,General Technology
Introduction to User Experience Design,Beginner,General Technology
Introduction to User Experience Principles and Processes,Beginner,General Technology
Introduction to Web Development,Beginner,Web Development
Introduction to the Biology of Cancer,Beginner,General Technology
Introductory Human Physiology,Mixed,General Technology
Introdução aos Princípios e Práticas da Gestão De Projetos,Beginner,General Technology
Introdução à Ciência da Computação com Python Parte 1,Beginner,Data Science
Investment Management,Beginner,General Technology
Investment Management with Python and Machine Learning,Beginner,Data Science
Investment and Portfolio Management,Beginner,General Technology
Japanese for beginners 1,Beginner,General Technology
Java Programming and Software Engineering Fundamentals,Beginner,General Technology
Java Programming: Solving Problems with Software,Beginner,General Technology
Julia Scientific Programming,Beginner,General Technology
Kotlin for Java Developers,Intermediate,General Technology
L'excellence opérationnelle en pratique,Beginner,General Technology
"L'impact investing, la finance qui change le monde",Beginner,General Technology
Leadership Development for Engineers,Beginner,General Technology
Leadership in 21st Century Organizations,Mixed,General Technology
Leading Healthcare Quality and Safety,Beginner,General Technology
Leading People and Teams,Beginner,General Technology
"Leading for Equity, Diversity and Inclusion in Higher Education",Intermediate,General Technology
Leading: Human Resource Management and Leadership,Intermediate,General Technology
Learn Chinese: HSK Test Preparation,Beginner,General Technology
Learn English,Beginner,General Technology
Learn English: Advanced Academic Speaking and Listening,Intermediate,General Technology
Learn English: Advanced Grammar and Punctuation,Advanced,General Technology
Learn English: Intermediate Grammar,Intermediate,General Technology
Learn Mandarin Chinese,Beginner,General Technology
Learn SQL Basics for Data Science,Beginner,Data Science
Learn Spanish: Basic Spanish Vocabulary,Beginner,General Technology
Learn to Program: The Fundamentals,Beginner,General Technology
Learn to Speak Korean 1,Beginner,General Technology
Learning to Teach Online,Beginner,General Technology
Legal Tech & Startups,Intermediate,General Technology
Les Fondamentaux de la Négociation,Beginner,General Technology
Liderazgo efectivo para el siglo XXI,Intermediate,General Technology
Linear Circuits 1: DC Analysis,Mixed,General Technology
Love as a Force for Social Justice,Beginner,General Technology
Machine Learning,Intermediate,Data Science
Machine Learning,Mixed,Data Science
Machine Learning Foundations: A Case Study Approach,Mixed,Data Science
Machine Learning and Reinforcement Learning in Finance,Intermediate,Data Science
Machine Learning for All,Beginner,Data Science
Machine Learning for Business Professionals,Intermediate,Data Science
Machine Learning for Trading,Intermediate,Data Science
Machine Learning with Python,Intermediate,Data Science
Machine Learning with TensorFlow on Google Cloud Platform,Intermediate,Data Science
Magic in the Middle Ages,Beginner,General Technology
Making Architecture,Beginner,General Technology
Management of Fashion and Luxury Companies,Mixed,General Technology
Managerial Accounting Fundamentals,Beginner,General Technology
Managerial Economics and Business Analysis,Beginner,General Technology
Managing Innovation and Design Thinking,Beginner,General Technology
Managing Project Risks and Changes,Mixed,General Technology
Managing Social and Human Capital,Beginner,General Technology
Managing Your Health: The Role of Physical Therapy and Exercise,Beginner,General Technology
Market Research,Beginner,General Technology
Marketing Digital,Beginner,General Technology
Marketing Digital,Beginner,General Technology
Marketing Gerencial,Intermediate,General Technology
Marketing Mix Implementation,Beginner,General Technology
Marketing Strategy,Beginner,General Technology
Marketing Verde,Mixed,General Technology
Marketing con Redes Sociales,Intermediate,General Technology
Marketing in a Digital World,Beginner,General Technology
Mastering Data Analysis in Excel,Mixed,Data Science
Mastering Final Cut Pro,Beginner,General Technology
Mastering Software Development in R,Beginner,General Technology
Materials Science: 10 Things Every Engineer Should Know,Mixed,General Technology
Mathematics for Data Science,Beginner,Data Science
Mathematics for Machine Learning,Beginner,Data Science
Mathematics for Machine Learning: Linear Algebra,Beginner,Data Science
Mathematics for Machine Learning: Multivariate Calculus,Beginner,Data Science
Mathematics for Machine Learning: PCA,Intermediate,Data Science
Medical Cannabis: The Health Effects of THC and CBD,Beginner,General Technology
Medical Neuroscience,Advanced,General Technology
Memoir and Personal Essay: Write About Yourself,Beginner,General Technology
Methods and Statistics in Social Sciences,Beginner,General Technology
Microeconomics Principles,Beginner,General Technology
Microeconomics: The Power of Markets,Mixed,General Technology
Mindshift: Break Through Obstacles to Learning and Discover Your Hidden Potential,Beginner,General Technology
Miracles of Human Language: An Introduction to Linguistics,Beginner,General Technology
Model Thinking,Mixed,General Technology
Modeling Risk and Realities,Mixed,General Technology
Modern Art & Ideas,Beginner,General Technology
Modern Big Data Analysis with SQL,Beginner,Data Science
"Modern Robotics:  Mechanics, Planning, and Control",Intermediate,General Technology
Modernizing Data Lakes and Data Warehouses with GCP,Intermediate,Data Science
Moral Foundations of Politics,Mixed,General Technology
More Introduction to Financial Accounting,Mixed,General Technology
Mountains 101,Mixed,General Technology
Municipal Solid Waste Management in Developing Countries,Intermediate,General Technology
Music Business,Beginner,General Technology
Music Business Foundations,Mixed,General Technology
Music Production,Beginner,General Technology
Nanotechnology: A Maker’s Course,Mixed,General Technology
Natural Language Processing in TensorFlow,Intermediate,General Technology
Negociación exitosa: Estrategias y habilidades esenciales (en español),Mixed,General Technology
"Negotiation, Mediation and Conflict Resolution",Beginner,General Technology
Networking and Security Architecture with VMware NSX,Intermediate,General Technology
Networking in Google Cloud,Intermediate,General Technology
Neural Networks and Deep Learning,Intermediate,General Technology
Neurolinguistics,Mixed,General Technology
New Approaches to Countering Terror: Countering Violent Extremism,Beginner,General Technology
Newborn Baby Care,Beginner,General Technology
Nutrición y obesidad: control de sobrepeso,Beginner,General Technology
Nutrition and Lifestyle in Pregnancy,Intermediate,General Technology
Object Oriented Java Programming: Data Structures and Beyond,Intermediate,Data Science
Object Oriented Programming in Java,Beginner,General Technology
Object-Oriented Data Structures in C++,Intermediate,Data Science
Object-Oriented Design,Intermediate,General Technology
Oil & Gas Industry Operations and Markets,Mixed,General Technology
"Open Source Software Development, Linux and Git",Beginner,General Technology
Operating Systems and You: Becoming a Power User,Beginner,General Technology
Operations Analytics,Mixed,Data Science
Optical Engineering,Advanced,General Technology
Organizational Leadership,Intermediate,General Technology
Osteoarchaeology: The Truth in Our Bones,Beginner,General Technology
Palliative Care: It's Not Just Hospice Anymore,Beginner,General Technology
Palo Alto Networks Cybersecurity,Beginner,General Technology
"Parallel, Concurrent, and Distributed Programming in Java",Intermediate,General Technology
Particle Physics: an Introduction,Mixed,General Technology
Patient Safety,Beginner,General Technology
Patrocinio Deportivo,Beginner,General Technology
People Analytics,Mixed,Data Science
Perfect Tenses and Modals,Intermediate,General Technology
Periodismo digital y combate a las fake news,Beginner,General Technology
Photography Basics and Beyond: From Smartphone to DSLR,Beginner,General Technology
Plant Bioinformatic Methods,Beginner,General Technology
Politics and Economics of International Energy,Beginner,General Technology
Positive Psychiatry and Mental Health,Mixed,General Technology
Positive Psychology,Mixed,General Technology
Positive Psychology: Applications and Interventions,Beginner,General Technology
Positive Psychology: Martin E. P. Seligman’s Visionary Science,Beginner,General Technology
Positive Psychology: Resilience Skills,Beginner,General Technology
Power Electronics,Intermediate,General Technology
Practical Data Science with MATLAB,Beginner,Data Science
Practical Time Series Analysis,Intermediate,General Technology
Preparing for the Google Cloud Associate Cloud Engineer Exam,Beginner,General Technology
Preparing to Manage Human Resources,Mixed,General Technology
"Presentation Skills: Speechwriting, Slides and Delivery",Beginner,General Technology
Pricing Strategy Optimization,Beginner,General Technology
Primeros Auxilios Psicológicos (PAP),Mixed,General Technology
Private Equity and Venture Capital,Mixed,General Technology
Probabilistic Graphical Models 1: Representation,Advanced,General Technology
Probability and Statistics: To p or not to p?,Beginner,General Technology
Process Mining: Data science in Action,Intermediate,Data Science
"Programming Foundations with JavaScript, HTML and CSS",Beginner,Web Development
Programming Fundamentals,Beginner,General Technology
Programming for Everybody (Getting Started with Python),Mixed,Data Science
Programming with Google Go,Intermediate,General Technology
Project Execution,Beginner,General Technology
Project Launch,Beginner,General Technology
Project Management & Other Tools for Career Development,Beginner,General Technology
Project Management Principles and Practices,Beginner,General Technology
Psychological First Aid,Mixed,General Technology
Public Policy Challenges of the 21st Century,Beginner,General Technology
Python Basics,Beginner,Data Science
Python Classes and Inheritance,Intermediate,Data Science
Python Data Structures,Mixed,Data Science
"Python Functions, Files, and Dictionaries",Beginner,Data Science
Python and Statistics for Financial Analysis,Intermediate,Data Science
Python for Data Science and AI,Beginner,Data Science
Python for Everybody,Beginner,Data Science
Quantitative Methods,Mixed,General Technology
Queering Identities: LGBTQ+ Sexuality and Gender Identity,Beginner,General Technology
R Programming,Intermediate,General Technology
"Ready, Set, Future! Introduction to Futures Thinking",Beginner,General Technology
Recommender Systems,Intermediate,General Technology
"Recruiting, Hiring, and Onboarding Employees",Mixed,General Technology
Reinforcement Learning,Intermediate,General Technology
Renewable Energy and Green Building Entrepreneurship,Beginner,General Technology
Reporting extra-financier et stratégie RSE,Beginner,General Technology
Requirements Engineering: Secure Software  Specifications,Beginner,General Technology
Research Data Management and Sharing,Mixed,Data Science
"Resilience in Children Exposed to Trauma, Disaster and War: Global Perspectives",Mixed,General Technology
Responsive Website Development and Design,Beginner,General Technology
Rethinking International Tax Law,Mixed,General Technology
Revisão Sistemática e Meta-análise,Intermediate,General Technology
Robotics,Beginner,General Technology
Roman Architecture,Beginner,General Technology
Russian Alphabet,Beginner,General Technology
Russian for beginners А1. Русский язык: A1,Beginner,General Technology
Réussir le Changement,Mixed,General Technology
SAS Programmer,Beginner,General Technology
SAS Visual Business Analytics,Beginner,Data Science
SQL for Data Science,Beginner,Data Science
Sales Operations/Management,Beginner,General Technology
Sales Training for High Performing Teams,Beginner,General Technology
Sample-based Learning Methods,Intermediate,General Technology
Scaling Operations: Linking Strategy and Execution,Mixed,General Technology
School Health for Children and Adolescents,Beginner,General Technology
Science of Exercise,Beginner,General Technology
Search Engine Optimization Fundamentals,Mixed,General Technology
Secure Coding Practices,Intermediate,General Technology
Security & Safety Challenges in a Globalized World,Beginner,General Technology
Security in Google Cloud Platform,Intermediate,General Technology
Self-Driving Cars,Advanced,General Technology
Sequence Models,Intermediate,General Technology
Sexualidad...mucho más que sexo,Beginner,General Technology
Sharpened Visions: A Poetry Workshop,Beginner,General Technology
Site Reliability Engineering: Measuring and Managing Reliability,Advanced,General Technology
Six Sigma Green Belt,Intermediate,General Technology
Six Sigma and the Organization (Advanced),Intermediate,General Technology
"Sleep: Neurobiology, Medicine, and Society",Beginner,General Technology
Smart Cities – Management of Smart Urban Infrastructures,Beginner,General Technology
Social Entrepreneurship,Beginner,General Technology
Social Media Marketing,Beginner,General Technology
"Social Norms, Social Change I",Beginner,General Technology
Social Policy for Social Services & Health Practitioners,Beginner,General Technology
Social Psychology,Beginner,General Technology
Social and Economic Networks:  Models and Analysis,Advanced,General Technology
Software Design and Architecture,Beginner,General Technology
Software Development Lifecycle,Intermediate,General Technology
Software Processes and Agile Practices,Mixed,General Technology
Software Product Management,Beginner,General Technology
Solar Energy Basics,Beginner,General Technology
Songwriting: Writing the Lyrics,Beginner,General Technology
Soporte de Tecnologías de la Información de Google,Beginner,General Technology
Spacecraft Dynamics and Control,Advanced,General Technology
Spanish Vocabulary: Meeting People,Beginner,General Technology
"Speak English Professionally: In Person, Online & On the Phone",Mixed,General Technology
Sports Marketing,Intermediate,General Technology
Sports and Society,Mixed,General Technology
Stanford Introduction to Food and Health,Beginner,General Technology
Stanford's Short Course on Breastfeeding,Beginner,General Technology
Statistical Analysis with R for Public Health,Beginner,General Technology
Statistics with Python,Beginner,Data Science
Statistics with R,Beginner,General Technology
Stories of Infection,Intermediate,General Technology
Strategic Business Analytics,Advanced,Data Science
Strategic Business Management - Microeconomics,Beginner,General Technology
Strategic Leadership and Management,Beginner,General Technology
Strategic Management,Mixed,General Technology
Strategic Management and Innovation,Beginner,General Technology
Strategic Sales Management,Intermediate,General Technology
Strategising: Management for Global Competitive Advantage,Intermediate,General Technology
Strategy and Sustainability,Beginner,General Technology
Structuring Machine Learning Projects,Beginner,Data Science
Success,Beginner,General Technology
Successful Negotiation: Essential Strategies and Skills,Mixed,General Technology
Summary Statistics in Public Health,Beginner,General Technology
Supply Chain Analytics,Beginner,Data Science
Supply Chain Finance and Blockchain Technology,Intermediate,General Technology
Supply Chain Logistics,Beginner,General Technology
Supply Chain Management,Beginner,General Technology
Supply Chain Operations,Beginner,General Technology
Supply Chain Principles,Mixed,General Technology
Supporting children with difficulties in reading and writing,Mixed,General Technology
Survey Data Collection and Analytics,Beginner,Data Science
Sustainable Tourism – promoting environmental public health,Beginner,General Technology
Swift 5 iOS Application Developer,Beginner,General Technology
System Administration and IT Infrastructure Services,Beginner,General Technology
Systems Biology and Biotechnology,Intermediate,General Technology
Systems Thinking In Public Health,Mixed,General Technology
"TESOL Certificate, Part 1: Teach English Now!",Beginner,General Technology
"TESOL Certificate, Part 2: Teach English Now!",Beginner,General Technology
Teach English Now! Foundational Principles,Mixed,General Technology
Teach English Now! Teaching Language Online,Intermediate,General Technology
Teaching Character and Creating Positive Classrooms,Mixed,General Technology
Teamwork Skills: Communicating Effectively in Groups,Beginner,General Technology
Technical Support Fundamentals,Beginner,General Technology
TensorFlow in Practice,Intermediate,General Technology
TensorFlow: Data and Deployment,Intermediate,Data Science
Terrorism and Counterterrorism: Comparing Theory and Practice,Beginner,General Technology
The Addicted Brain,Beginner,General Technology
The Art of Music Production,Intermediate,General Technology
The Art of Sales: Mastering the Selling Process,Beginner,General Technology
The Arts and Science of Relationships: Understanding Human Needs,Beginner,General Technology
The Bits and Bytes of Computer Networking,Beginner,General Technology
The Business of Health Care,Beginner,General Technology
The Business of Music Production,Beginner,General Technology
The Changing Global Order,Intermediate,General Technology
The Cycle: Management of Successful Arts and Cultural Organizations,Beginner,General Technology
The DIY Musician,Beginner,General Technology
The Data Scientist’s Toolbox,Mixed,Data Science
The Economics of Health Care Delivery,Mixed,General Technology
The Global Financial Crisis,Mixed,General Technology
The Horse Course: Introduction to Basic Care and Management,Mixed,General Technology
The Manager's Toolkit: A Practical Guide to Managing People at Work,Mixed,General Technology
"The Modern World, Part One: Global History from 1760 to 1910",Beginner,General Technology
"The Modern World, Part Two: Global History since 1910",Beginner,General Technology
The Oral Cavity: Portal to Health and Disease,Intermediate,General Technology
The Power of Macroeconomics: Economic Principles in the Real World,Mixed,General Technology
The Power of Microeconomics: Economic Principles in the Real World,Mixed,General Technology
The Pronunciation of American English,Beginner,General Technology
The Science of Gastronomy,Mixed,General Technology
The Science of Stem Cells,Intermediate,General Technology
The Science of Success: What Researchers Know that You Should Know,Beginner,General Technology
The Science of Training Young Athletes,Beginner,General Technology
The Science of Well-Being,Mixed,General Technology
The Singer Songwriter,Beginner,General Technology
The Social Context of Mental Health and Illness,Mixed,General Technology
The Strategy of Content Marketing,Intermediate,General Technology
"The Sustainable Development Goals – A global, transdisciplinary vision for the future",Beginner,General Technology
The Teacher and Social and Emotional Learning (SEL),Beginner,General Technology
The Technology of Music Production,Beginner,General Technology
The Truth About Cats and Dogs,Mixed,General Technology
The hidden value – Lean in manufacturing and services,Beginner,General Technology
Think Again I: How to Understand Arguments,Beginner,General Technology
Tools for Data Science,Beginner,Data Science
Trading Strategies in Emerging Markets,Beginner,General Technology
"Transmedia Storytelling: Narrative worlds, emerging technologies, and global audiences",Mixed,General Technology
Tricky American English Pronunciation,Beginner,General Technology
Troubles du spectre de l'autisme : diagnostic,Intermediate,General Technology
U.S. Federal Taxation,Intermediate,General Technology
UCI Project Management,Beginner,General Technology
UI / UX Design,Beginner,General Technology
UX Design Fundamentals,Beginner,General Technology
Understanding Cancer Metastasis,Beginner,General Technology
Understanding Clinical Research: Behind the Statistics,Mixed,General Technology
Understanding Einstein: The Special Theory of Relativity,Beginner,General Technology
Understanding Medical Research: Your Facebook Friend is Wrong,Beginner,General Technology
Understanding Modern Finance,Intermediate,General Technology
Understanding Plants - Part I: What a Plant Knows,Beginner,General Technology
Understanding Research Methods,Mixed,General Technology
Understanding and Visualizing Data with Python,Beginner,Data Science
Understanding the Brain: The Neurobiology of Everyday Life,Beginner,General Technology
Unity Certified Programmer Exam Preparation,Intermediate,General Technology
Unity XR: How to Build AR and VR Apps,Beginner,General Technology
University Teaching,Beginner,General Technology
Unraveling the Cycling City,Intermediate,General Technology
User Experience Research and Design,Beginner,General Technology
User Interface Design,Intermediate,General Technology
Using Databases with Python,Mixed,Data Science
Using Python to Access Web Data,Mixed,Web Development
Using Python to Interact with the Operating System,Beginner,Data Science
Value Chain Management,Intermediate,General Technology
Version Control with Git,Mixed,General Technology
Viral Marketing and How to Craft Contagious Content,Mixed,General Technology
Virtual Reality,Beginner,General Technology
Virtual Teacher,Beginner,General Technology
Vital Signs: Understanding What the Body Is Telling Us,Mixed,General Technology
Web Applications for Everybody,Intermediate,Web Development
Web Design for Everybody: Basics of Web Development & Coding,Beginner,Web Development
Weight Management: Beyond Balancing Calories,Beginner,General Technology
What Is Contemporary Art?,Beginner,General Technology
What future for education?,Mixed,General Technology
What is Compliance?,Mixed,General Technology
What is Data Science?,Beginner,Data Science
What is Social?,Mixed,General Technology
Wine Tasting: Sensory Techniques for Wine Analysis,Beginner,General Technology
Wonders of Ancient Egypt,Intermediate,General Technology
Write A Feature Length Screenplay For Film Or Television,Beginner,General Technology
Write Professional Emails in English,Mixed,General Technology
Write Your First Novel,Beginner,General Technology
Writing in the Sciences,Beginner,General Technology
e-Learning Ecologies: Innovative Approaches to Teaching and Learning for the Digital Age,Mixed,General Technology
iOS App Development with Swift,Intermediate,General Technology
¿Qué hacen los buenos directivos? Prioridades de la Alta Dirección,Beginner,General Technology
Étudier en France: French Intermediate course B1-B2,Intermediate,General Technology
Éxito Profesional,Beginner,General Technology
Искусство ведения бизнеса,Beginner,General Technology
Искусство разработки на современном C++,Intermediate,General Technology
Корпоративные финансы и стоимость компании,Beginner,General Technology
Математика и Python для анализа данных,Beginner,Data Science
Машинное обучение и анализ данных,Intermediate,General Technology
Основы Digital Маркетинга,Intermediate,General Technology
Основы программирования на Python,Beginner,Data Science
Основы разработки на C++: белый пояс,Intermediate,General Technology
Погружение в Python,Intermediate,Data Science
Программирование на Python,Intermediate,Data Science
Психолингвистика (Psycholinguistics),Mixed,General Technology
Разработка интерфейсов: вёрстка и JavaScript,Intermediate,Web Development
Русский как иностранный,Intermediate,General Technology
Финансовые инструменты для частного инвестора,Beginner,General Technology
